{"cameraMode":{"drawMode":0,"name":"Shaded","section":"Shading Mode"},"sceneLighting":false,"audioPlay":false,"sceneViewState":{"showFog":true,"showMaterialUpdate":false,"showSkybox":false,"showFlares":true,"showImageEffects":true,"showParticleSystems":true},"in2DMode":false,"pivot":{"x":5.406494140625,"y":2.093017578125,"z":-4.787109375},"rotation":{"x":-0.23941151797771455,"y":-0.2814098596572876,"z":0.07272461801767349,"w":-0.9264053702354431},"size":5.146276473999023,"orthographic":true}